<?xml version="1.0" encoding="UTF-8" standalone="yes"?>
<OfficeApp xmlns="http://schemas.microsoft.com/office/appforoffice/1.1" xmlns:xsi="http://www.w3.org/2001/XMLSchema-instance" xmlns:bt="http://schemas.microsoft.com/office/officeappbasictypes/1.0" xmlns:ov="http://schemas.microsoft.com/office/taskpaneappversionoverrides" xsi:type="TaskPaneApp">
  <Id>5662cca8-f04b-4a42-a68e-74b5f25c4254</Id>
  <Version>1.0.0.0</Version>
  <ProviderName>nunoxsantos</ProviderName>
  <DefaultLocale>en-US</DefaultLocale>
  <DisplayName DefaultValue="Bill.com Excel Add-in"/>
  <Description DefaultValue="Excel Add-in that integrates with Bill.com API to fetch and display bill data with advanced data transformation capabilities."/>
  <IconUrl DefaultValue="https://nunoxsantos.github.io/excel-addin/assets/icon-32.png"/>
  <HighResolutionIconUrl DefaultValue="https://nunoxsantos.github.io/excel-addin/assets/icon-64.png"/>
  <SupportUrl DefaultValue="https://github.com/nunoxsantos/excel-addin/issues"/>
  <AppDomains>
    <AppDomain>https://gateway.stage.bill.com</AppDomain>
  </AppDomains>
  <Hosts>
    <Host Name="Workbook"/>
  </Hosts>
  <DefaultSettings>
    <SourceLocation DefaultValue="https://nunoxsantos.github.io/excel-addin/taskpane.html"/>
  </DefaultSettings>
  <Permissions>ReadWriteDocument</Permissions>
  <VersionOverrides xmlns="http://schemas.microsoft.com/office/taskpaneappversionoverrides" xsi:type="VersionOverridesV1_0">
    <Hosts>
      <Host xsi:type="Workbook">
        <DesktopFormFactor>
          <GetStarted>
            <Title resid="GetStarted.Title"/>
            <Description resid="GetStarted.Description"/>
            <LearnMoreUrl resid="GetStarted.LearnMoreUrl"/>
          </GetStarted>
          <FunctionFile resid="Commands.Url"/>
          <ExtensionPoint xsi:type="PrimaryCommandSurface">
            <OfficeTab id="TabHome">
              <Group id="CommandsGroup">
                <Label resid="CommandsGroup.Label"/>
                <Icon>
                  <bt:Image size="16" resid="Icon.16x16"/>
                  <bt:Image size="32" resid="Icon.32x32"/>
                  <bt:Image size="80" resid="Icon.80x80"/>
                </Icon>
                <Control xsi:type="Button" id="TaskpaneButton">
                  <Label resid="TaskpaneButton.Label"/>
                  <Supertip>
                    <Title resid="TaskpaneButton.Label"/>
                    <Description resid="TaskpaneButton.Tooltip"/>
                  </Supertip>
                  <Icon>
                    <bt:Image size="16" resid="Icon.16x16"/>
                    <bt:Image size="32" resid="Icon.32x32"/>
                    <bt:Image size="80" resid="Icon.80x80"/>
                  </Icon>
                  <Action xsi:type="ShowTaskpane">
                    <TaskpaneId>ButtonId1</TaskpaneId>
                    <SourceLocation resid="Taskpane.Url"/>
                  </Action>
                </Control>
              </Group>
            </OfficeTab>
          </ExtensionPoint>
        </DesktopFormFactor>
      </Host>
    </Hosts>
    <Resources>
      <bt:Images>
        <bt:Image id="Icon.16x16" DefaultValue="https://nunoxsantos.github.io/excel-addin/assets/icon-16.png"/>
        <bt:Image id="Icon.32x32" DefaultValue="https://nunoxsantos.github.io/excel-addin/assets/icon-32.png"/>
        <bt:Image id="Icon.80x80" DefaultValue="https://nunoxsantos.github.io/excel-addin/assets/icon-80.png"/>
      </bt:Images>
      <bt:Urls>
        <bt:Url id="GetStarted.LearnMoreUrl" DefaultValue="https://go.microsoft.com/fwlink/?LinkId=276812"/>
        <bt:Url id="Commands.Url" DefaultValue="https://nunoxsantos.github.io/excel-addin/commands.html"/>
        <bt:Url id="Taskpane.Url" DefaultValue="https://nunoxsantos.github.io/excel-addin/taskpane.html"/>
      </bt:Urls>
      <bt:ShortStrings>
        <bt:String id="GetStarted.Title" DefaultValue="Get started with Bill.com Excel Add-in!"/>
        <bt:String id="CommandsGroup.Label" DefaultValue="Bill.com Integration"/>
        <bt:String id="TaskpaneButton.Label" DefaultValue="Bill.com Data"/>
      </bt:ShortStrings>
      <bt:LongStrings>
        <bt:String id="GetStarted.Description" DefaultValue="Your Bill.com Excel Add-in loaded successfully. Go to the HOME tab and click the 'Bill.com Data' button to fetch and transform your bill data."/>
        <bt:String id="TaskpaneButton.Tooltip" DefaultValue="Click to open Bill.com data integration panel"/>
      </bt:LongStrings>
    </Resources>
  </VersionOverrides>
</OfficeApp>